MMG5183,Metamix 5 Tarro con 980g - MMG5183
MMG3010,Metamix 5 Tarro con 980g - MMG3010
MMG3037,Metamix 5 Tarro con 980g - MMG3037
MMG4293,Metamix 5 Tarro con 980g - MMG4293
MMG5549,Metamix 5 Tarro con 980g - MMG5549
MMG6805,Metamix 5 Tarro con 980g - MMG6805
MMG8061,Metamix 5 Tarro con 980g - MMG8061
MMG9317,Metamix 5 Tarro con 980g - MMG9317
MMG1073,Metamix 5 Tarro con 980g - MMG1073
MMG1189,Metamix 5 Tarro con 980g - MMG1189
MMG1085,Metamix 5 Tarro con 980g - MMG1085
MMG1431,Metamix 5 Tarro con 980g - MMG1431
MMG1597,Metamix 5 Tarro con 980g - MMG1597
MMG1685,Metamix 5 Tarro con 980g - MMG1685
MMG8109,Metamix 5 Tarro con 980g - MMG8109
MMG1936,Metamix 5 Tarro con 980g - MMG1936
MMG2061,Metamix 5 Tarro con 980g - MMG2061
MMG2177,Metamix 5 Tarro con 980g - MMG2177
MMG2333,Metamix 5 Tarro con 980g - MMG2333
MMG2438,Metamix 5 Tarro con 980g - MMG2438
MMG2543,Metamix 5 Tarro con 980g - MMG2543
MMG2648,Metamix 5 Tarro con 980g - MMG2648
MMG2753,Metamix 5 Tarro con 980g - MMG2753
MMG2858,Metamix 5 Tarro con 980g - MMG2858
MMG2963,Metamix 5 Tarro con 980g - MMG2963
MMG3068,Metamix 5 Tarro con 980g - MMG3068
MMG3173,Metamix 5 Tarro con 980g - MMG3173
MMG3278,Metamix 5 Tarro con 980g - MMG3278
MMG4872,Metamix 5 Tarro con 980g - MMG4872
MMG6466,Metamix 5 Tarro con 980g - MMG6466
MMG8060,Metamix 5 Tarro con 980g - MMG8060
MMG9654,Metamix 5 Tarro con 980g - MMG9654
MMG1128,Metamix 5 Tarro con 980g - MMG1128
MMG1842,Metamix 5 Tarro con 980g - MMG1842
MMG1443,Metamix 5 Tarro con 980g - MMG1443
MMG1603,Metamix 5 Tarro con 980g - MMG1603
MMG1763,Metamix 5 Tarro con 980g - MMG1763
MMG1923,Metamix 5 Tarro con 980g - MMG1923
MMG2083,Metamix 5 Tarro con 980g - MMG2083
MMG2243,Metamix 5 Tarro con 980g - MMG2243
MMG2403,Metamix 5 Tarro con 980g - MMG2403
MMG2563,Metamix 5 Tarro con 980g - MMG2563
MMG2723,Metamix 5 Tarro con 980g - MMG2723
MMG2883,Metamix 5 Tarro con 980g - MMG2883
MMG3043,Metamix 5 Tarro con 980g - MMG3043
MMG3203,Metamix 5 Tarro con 980g - MMG3203
MMG3363,Metamix 5 Tarro con 980g - MMG3363
MMG3523,Metamix 5 Tarro con 980g - MMG3523
